	{

		"metadata": {
			"formatVersion" : 3.1,
			"generatedBy"   : "Blender 2.7 Exporter",
			"vertices"      : 176,
			"faces"         : 188,
			"normals"       : 176,
			"colors"        : 0,
			"uvs"           : [],
			"materials"     : 1,
			"morphTargets"  : 0,
			"bones"         : 0
		},

			"scale" : 1.000000,
			
			"vertices" : [0,-2,-0.25,0,2,-0.25,0.0956709,-2,-0.23097,0.0956709,2,-0.23097,0.176777,-2,-0.176777,0.176777,2,-0.176777,0.23097,-2,-0.0956708,0.23097,2,-0.0956709,0.25,-2,9.83506e-08,0.25,2,-7.64949e-08,0.23097,-2,0.095671,0.23097,2,0.0956708,0.176777,-2,0.176777,0.176777,2,0.176777,0.0956709,-2,0.23097,0.0956709,2,0.23097,3.7749e-08,-2,0.25,3.7749e-08,2,0.25,-0.0956708,-2,0.23097,-0.0956708,2,0.23097,-0.176777,-2,0.176777,-0.176777,2,0.176777,-0.23097,-2,0.095671,-0.23097,2,0.0956708,-0.25,-2,8.44416e-08,-0.25,2,-9.0404e-08,-0.23097,-2,-0.0956708,-0.23097,2,-0.095671,-0.176777,-2,-0.176777,-0.176777,2,-0.176777,-0.0956707,-2,-0.23097,-0.0956707,2,-0.23097,0,-2.19642e-08,-0.502481,0.192291,-2.02922e-08,-0.464232,0.355308,-1.5531e-08,-0.355308,0.464232,-8.40532e-09,-0.192291,0.502481,9.60084e-16,2.19642e-08,0.464232,8.40532e-09,0.192291,0.355308,1.5531e-08,0.355308,0.192291,2.02922e-08,0.464232,7.58726e-08,2.19642e-08,0.502481,-0.192291,2.02922e-08,0.464232,-0.355308,1.5531e-08,0.355308,-0.464232,8.40532e-09,0.192291,-0.502481,-2.6192e-16,-5.99203e-09,-0.464232,-8.40532e-09,-0.192291,-0.355308,-1.5531e-08,-0.355308,-0.192291,-2.02922e-08,-0.464232,0.253698,-1,-0.61248,0.468772,-1,-0.468772,0.61248,-1,-0.253698,0.662944,-1,7.26896e-08,0.61248,-1,0.253698,0.468772,-1,0.468772,0.253698,-1,0.61248,1.00102e-07,-1,0.662944,-0.253697,-1,0.61248,-0.468772,-1,0.468772,-0.61248,-1,0.253698,-0.662944,-1,3.58059e-08,-0.61248,-1,-0.253698,-0.468772,-1,-0.468772,-0.253697,-1,-0.61248,0,-1,-0.662944,0,-0.5,-0.663063,0.253743,-0.5,-0.61259,0.468856,-0.5,-0.468856,0.61259,-0.5,-0.253743,0.663063,-0.5,5.08391e-08,0.61259,-0.5,0.253743,0.468856,-0.5,0.468856,0.253743,-0.5,0.61259,1.0012e-07,-0.5,0.663063,-0.253743,-0.5,0.61259,-0.468856,-0.5,0.468857,-0.61259,-0.5,0.253743,-0.663063,-0.5,1.39487e-08,-0.61259,-0.5,-0.253743,-0.468856,-0.5,-0.468857,-0.253743,-0.5,-0.612591,0,1,-0.272556,0.104303,1,-0.251809,0.192726,1,-0.192726,0.251809,1,-0.104303,0.272556,1,-3.17976e-08,0.251809,1,0.104303,0.192726,1,0.192726,0.104303,1,0.251809,4.11548e-08,1,0.272556,-0.104303,1,0.251809,-0.192726,1,0.192726,-0.251809,1,0.104303,-0.272556,1,-4.69616e-08,-0.251809,1,-0.104303,-0.192726,1,-0.192726,-0.104303,1,-0.251809,0,1.5,-0.421342,0.161241,1.5,-0.389269,0.297934,1.5,-0.297934,0.389269,1.5,-0.161241,0.421342,1.5,-4.71496e-08,0.389269,1.5,0.161241,0.297934,1.5,0.297934,0.161241,1.5,0.389269,6.36209e-08,1.5,0.421342,-0.161241,1.5,0.389269,-0.297934,1.5,0.297934,-0.389269,1.5,0.161241,-0.421342,1.5,-7.05915e-08,-0.389269,1.5,-0.161241,-0.297934,1.5,-0.297934,-0.16124,1.5,-0.38927,0.110284,0.5,-0.266249,0.203778,0.5,-0.203778,0.266249,0.5,-0.110284,0.288186,0.5,-9.25869e-09,0.266249,0.5,0.110284,0.203778,0.5,0.203778,0.110284,0.5,0.266249,4.35149e-08,0.5,0.288186,-0.110284,0.5,0.266249,-0.203778,0.5,0.203778,-0.266249,0.5,0.110284,-0.288186,0.5,-2.52923e-08,-0.266249,0.5,-0.110284,-0.203778,0.5,-0.203778,-0.110284,0.5,-0.266249,0,0.5,-0.288186,0.198194,-1.5,-0.478483,0.366215,-1.5,-0.366215,0.478483,-1.5,-0.198194,0.517906,-1.5,8.82055e-08,0.478483,-1.5,0.198194,0.366215,-1.5,0.366215,0.198194,-1.5,0.478483,7.82017e-08,-1.5,0.517907,-0.198194,-1.5,0.478483,-0.366215,-1.5,0.366215,-0.478483,-1.5,0.198194,-0.517906,-1.5,5.93911e-08,-0.478483,-1.5,-0.198194,-0.366215,-1.5,-0.366215,-0.198194,-1.5,-0.478483,0,-1.5,-0.517906,0,0.75,-0.25,0.0956709,0.75,-0.23097,0.176777,0.75,-0.176777,0.23097,0.75,-0.0956709,0.25,0.75,-2.18557e-08,0.23097,0.75,0.0956708,0.176777,0.75,0.176777,0.0956709,0.75,0.23097,3.7749e-08,0.75,0.25,-0.0956708,0.75,0.23097,-0.176777,0.75,0.176777,-0.23097,0.75,0.0956709,-0.25,0.75,-3.57648e-08,-0.23097,0.75,-0.0956709,-0.176777,0.75,-0.176777,-0.0956707,0.75,-0.23097,0,1.78175,-0.421315,0.16123,1.78175,-0.389244,0.297915,1.78175,-0.297915,0.389244,1.78175,-0.16123,0.421315,1.78175,-5.94663e-08,0.389244,1.78175,0.16123,0.297915,1.78175,0.297915,0.16123,1.78175,0.389244,6.36168e-08,1.78175,0.421315,-0.16123,1.78175,0.389244,-0.297915,1.78175,0.297915,-0.389244,1.78175,0.16123,-0.421315,1.78175,-8.29067e-08,-0.389244,1.78175,-0.16123,-0.297915,1.78175,-0.297915,-0.16123,1.78175,-0.389244],